source,question,answer,difficulty,reasoning_depth,solution_steps,domain_Algebra,domain_Combinatorics_Discrete,domain_Number_Theory,domain_Geometry,domain_Olympiad_Logic,domain_Other
Olympiad1403,The group of 10 girls should be divided into two groups with at least four girls in each group. How many ways can this be done?,462,0.4999999999999999,0.3333333333333332,0.3999999999999999,0.0,0.0,1.0,0.0,0.0,0.0
Olympiad1403,A ferry with a capacity of 10 people takes a group of 13 men and 7 women across a river. Find the number of ways in which the group may be taken across the if all women go on the first group.,286,0.6666666666666666,0.6666666666666665,0.6000000000000001,1.0,0.0,0.0,0.0,0.0,0.0
Olympiad1403,Find the number of different perfect covers of a 3-by-4 chessboard by dominoes.,9,0.6666666666666666,0.6666666666666665,0.6000000000000001,1.0,0.0,0.0,0.0,0.0,0.0
Olympiad1403,How many integers greater than 5400 have both of the following properties? (a) The digits are distinct. (b) The digits 2 and 7 do not occur.,94830,0.6666666666666666,0.6666666666666665,0.6000000000000001,0.0,1.0,0.0,0.0,0.0,0.0
Olympiad1403,How many sets of three integers between 1 and 20 are possible if no two consecutive integers are to be in a set?,816,0.4999999999999999,0.3333333333333332,0.3999999999999999,0.0,0.0,1.0,0.0,0.0,0.0
Olympiad1403,"Determine the number of permutations of $\{1,2, \ldots, 8\}$ in which no even integer is in its natural position.",24024,0.8333333333333334,0.6666666666666665,0.8,0.0,0.0,0.0,0.0,1.0,0.0
Olympiad1403,"Determine the number of integral solutions of the equation $x_{1}+x_{2}+x_{3}+x_{4}=20$ that satisfy $1 \leq x_{1} \leq 6,0 \leq x_{2} \leq 7,4 \leq x_{3} \leq 8,2 \leq x_{4} \leq 6$.",96,0.6666666666666666,0.6666666666666665,0.6000000000000001,0.0,1.0,0.0,0.0,0.0,0.0
Olympiad1403,How many different necklaces are there that contain four red and three blue beads?,15,0.6666666666666666,0.6666666666666665,0.6000000000000001,0.0,0.0,1.0,0.0,0.0,0.0
Olympiad1403,Evaluate the sum $\sum_{k=0}^{n}(-1)^{k}\binom{n}{k} 10^{k}$.,fun n => (-9 : ℤ)^n,0.8333333333333334,0.6666666666666665,0.8,0.0,1.0,0.0,0.0,0.0,0.0
Olympiad1404,"Determine the number of n-digit numbers with all digits odd, such that 1 and 3 each occur a nonzero, even number of times.",fun n => (5 ^ n - 4 ^ (n + 1) + 6 * 3 ^ n - 4 * 2 ^ n + 1) / 4 ,0.4999999999999999,0.3333333333333332,0.1999999999999999,0.0,0.0,1.0,0.0,0.0,0.0
Olympiad1404,"Let $\mathcal{A}=\left(A_{1}, A_{2}, A_{3}, A_{4}, A_{5}, A_{6}\right)$, where \[ \begin{aligned} & A_{1}=\{1,2\}, A_{2}=\{2,3\}, A_{3}=\{3,4\} \\ & A_{4}=\{4,5\}, A_{5}=\{5,6\}, A_{6}=\{6,1\} \end{aligned} \] Determine the number of different SDRs that $\mathcal{A}$ has.",2,0.6666666666666666,0.6666666666666665,0.3999999999999999,0.0,1.0,0.0,0.0,0.0,0.0
Olympiad1404,Determine the domination number of the graph $Q_{3}$ of vertices and edges of a three-dimensional cube.,2,0.6666666666666666,0.6666666666666665,0.3999999999999999,1.0,0.0,0.0,0.0,0.0,0.0
Olympiad1404,"Find the smallest positive integer $n$ such that if $n$ squares of a $1000 \times 1000$ chessboard are colored, then there will exist three colored squares whose centers form a right triangle with sides parallel to the edges of the board.",1999,0.4999999999999999,0.0,0.1999999999999999,0.0,0.0,1.0,0.0,0.0,0.0
Olympiad1404,"Let $P$ be a regular 2006-gon. A diagonal of $P$ is called good if its endpoints divide the boundary of $P$ into two parts, each composed of an odd number of sides of $P$. The sides of $P$ are also called good. Suppose $P$ has been dissected into triangles by 2003 diagonals, no two of which have a common point in the interior of $P$. Find the maximum number of isosceles triangles having two good sides that could appear in such a configuration.",1003,0.6666666666666666,0.6666666666666665,0.3999999999999999,0.0,1.0,0.0,0.0,0.0,0.0
Olympiad1404,"Let $n$ and $k$ be positive integers with $k \geq n$ and $k - n$ an even number. Let $2n$ lamps labelled $1$, $2$, ..., $2n$ be given, each of which can be either on or off. Initially all the lamps are off. We consider sequences of steps: at each step one of the lamps is switched (from on to off or from off to on). Let $N$ be the number of such sequences consisting of $k$ steps and resulting in the state where lamps $1$ through $n$ are all on, and lamps $n + 1$ through $2n$ are all off. Let $M$ be number of such sequences consisting of $k$ steps, resulting in the state where lamps $1$ through $n$ are all on, and lamps $n + 1$ through $2n$ are all off, but where none of the lamps $n + 1$ through $2n$ is ever switched on. Determine $\frac{N}{M}$.",fun n k => 2 ^ (k.1 - n.1),0.8333333333333334,0.6666666666666665,0.6000000000000001,0.0,0.0,0.0,0.0,1.0,0.0
Olympiad1404,"Let $n > 0$ be an integer. We are given a balance and $n$ weights of weight $2^0,2^1, \cdots ,2^{n-1}$. We are to place each of the $n$ weights on the balance, one after another, in such a way that the right pan is never heavier than the left pan. At each step we choose one of the weights that has not yet been placed on the balance, and place it on either the left pan or the right pan, until all of the weights have been placed. Determine the number of ways in which this can be done.",fun n => Nat.doubleFactorial (2 * n - 1),0.4999999999999999,0.3333333333333332,0.1999999999999999,0.0,0.0,1.0,0.0,0.0,0.0
Olympiad1404,"A configuration of $4027$ points in the plane is called Colombian if it consists of $2013$ red points and $2014$ blue points, and no three of the points of the configuration are collinear. By drawing some lines, the plane is divided into several regions. An arrangement of lines is good for a Colombian configuration if the following two conditions are satisfied: (1) no line passes through any point of the configuration; (2)no region contains points of both colours. Find the least value of $k$ such that for any Colombian configuration of $4027$ points, there is a good arrangement of $k$ lines.",2013,0.4999999999999999,0.3333333333333332,0.1999999999999999,0.0,0.0,1.0,0.0,0.0,0.0
Olympiad1404,"Let $n\ge2$ be an integer. Consider an $n\times n$ chessboard consisting of $n^2$ unit squares. A configuration of $n$ rooks on this board is $\textit{peaceful}$ if every row and every column contains exactly one rook. Find the greatest positive integer $k$ such that, for each peaceful configuration of $n$ rooks, there is a $k\times k$ square which does not contain a rook on any of its $k^2$ squares.",fun n => ⌈√n⌉₊ - 1,0.6666666666666666,0.6666666666666665,0.3999999999999999,0.0,1.0,0.0,0.0,0.0,0.0
Olympiad1404,"Find all integers $n$ for which each cell of $n \times n$ table can be filled with one of the letters $I,M$ and $O$ in such a way that: in each row and each column, one third of the entries are $I$, one third are $M$ and one third are $O$; and in any diagonal, if the number of entries on the diagonal is a multiple of three, then one third of the entries are $I$, one third are $M$ and one third are $O$. Note. The rows and columns of an $n \times n$ table are each labelled $1$ to $n$ in a natural order. Thus each cell corresponds to a pair of positive integer $(i,j)$ with $1 \le i,j \le n$. For $n>1$, the table has $4n-2$ diagonals of two types. A diagonal of first type consists all cells $(i,j)$ for which $i+j$ is a constant, and the diagonal of this second type consists all cells $(i,j)$ for which $i-j$ is constant.",{n | 9 ∣ n},0.6666666666666666,0.6666666666666665,0.3999999999999999,0.0,1.0,0.0,0.0,0.0,0.0
CombiBench,"A site is any point $(x, y)$ in the plane such that $x$ and $y$ are both positive integers less than or equal to 20. Initially, each of the 400 sites is unoccupied. Amy and Ben take turns placing stones with Amy going first. On her turn, Amy places a new red stone on an unoccupied site such that the distance between any two sites occupied by red stones is not equal to $\sqrt{5}$. On his turn, Ben places a new blue stone on any unoccupied site. (A site occupied by a blue stone is allowed to be at any distance from any other occupied site.) They stop as soon as a player cannot place a stone. Find the greatest $K$ such that Amy can ensure that she places at least $K$ red stones, no matter how Ben places his blue stones.",100,0.1666666666666666,0.0,0.0,0.0,1.0,0.0,0.0,0.0,0.0
CombiBench,"Find the number of positive integer palindromes written in base $10$ with no zero digits, and whose digits add up to $13$. For example, $42124$ has these properties. Recall that a palindrome is a number whose representation reads the same from left to right as from right to left.",62,0.1666666666666666,0.0,0.0,0.0,1.0,0.0,0.0,0.0,0.0
CombiBench,"A plane contains points $A$ and $B$ with $AB = 1$. Point $A$ is rotated in the plane counterclockwise through an acute angle $\theta$ around point $B$ to point $A^\prime$. Then $B$ is rotated in the plane clockwise through angle $\theta$ around point $A^\prime$ to point $B^\prime$. Suppose that $AB^\prime = \frac{4}{3}$. The value of $\cos \theta$ can be written as $\frac{m}{n}$ , where $m$ and $n$ are relatively prime positive integers. Find $m + n$.",65,0.3333333333333333,0.3333333333333332,0.1999999999999999,0.0,1.0,0.0,0.0,0.0,0.0
CombiBench,"Joanne has a blank fair six-sided die and six stickers each displaying a different integer from 1 to 6. Joanne rolls the die and then places the sticker labeled 1 on the top face of the die. She then rolls the die again, places the sticker labeled 2 on the top face, and continues this process to place the rest of the stickers in order. If the die ever lands with a sticker already on its top face, the new sticker is placed to cover the old sticker. Let $p$ be the conditional probability that at the end of the process exactly one face has been left blank, given that all the even-numbered stickers are visible on faces of the die. Then $p$ can be written as $\tfrac mn,$ where $m$ and $n$ are relatively prime positive integers. Find $m + n.$",29,0.3333333333333333,0.3333333333333332,0.1999999999999999,0.0,1.0,0.0,0.0,0.0,0.0
CombiBench,"Let $a, b,$ and $n$ be positive integers with both $a$ and $b$ greater than or equal to $2$ and less than or equal to $2n$. Define an $a \times b$ cell loop in a $2n \times 2n$ grid of cells to be the $2a + 2b - 4$ cells that surround an $(a - 2) \times (b - 2)$ (possibly empty) rectangle of cells in the grid. For example, the following diagram shows a way to partition a $6 \times 6$ grid of cells into $4$ cell loops.

| P   P P   P | Y   Y |
| P | R R | P | Y | Y |
| P | R R | P | Y | Y |
| P   P P   P | Y | Y |
| G   G G   G | Y | Y |
| G   G G   G | Y   Y |

Find the number of ways to partition a $10 \times 10$ grid of cells into $5$ cell loops so that every cell of the grid belongs to exactly one cell loop.",83,0.3333333333333333,0.3333333333333332,0.1999999999999999,0.0,1.0,0.0,0.0,0.0,0.0
CombiBench,"A standard fair six-sided die is rolled repeatedly. Each time the die reads 1 or 2, Alice gets a coin; each time it reads 3 or 4, Bob gets a coin; and each time it reads 5 or 6, Carol gets a coin. The probability that Alice and Bob each receive at least two coins before Carol receives any coins can be written as $\tfrac{m}{n},$ where $m$ and $n$ are relatively prime positive integers. Find $100m+n.$",754,0.6666666666666666,0.6666666666666665,0.3999999999999999,0.0,1.0,0.0,0.0,0.0,0.0
CombiBench,"Patrick started walking at a constant rate along a straight road from school to the park. One hour after Patrick left, Tanya started running along the same road from school to the park. One hour after Tanya left, Jose started bicycling along the same road from school to the park. Tanya ran at a constant rate of $2$ miles per hour faster than Patrick walked, Jose bicycled at a constant rate of $7$ miles per hour faster than Tanya ran, and all three arrived at the park at the same time. The distance from the school to the park is $\frac{m}{n}$ miles, where $m$ and $n$ are relatively prime positive integers. Find $m + n$.",277,0.6666666666666666,0.6666666666666665,0.3999999999999999,0.0,1.0,0.0,0.0,0.0,0.0
CombiBench,"
Find the number of functions $\pi$ mapping the set $A =\{1,2,3,4,5,6\}$ onto $A$ such that for every $a \in A,$
\[
\pi(\pi(\pi(\pi(\pi(\pi(a)))))) = a.
\]",396,0.3333333333333333,0.3333333333333332,0.1999999999999999,0.0,1.0,0.0,0.0,0.0,0.0
CombiBench,Let $N$ be the number of positive integer divisors of $17017^{17}$ that leave a remainder of $5$ when divided by $12$. Find the remainder when $N$ is divided by $1000$.,244,0.1666666666666666,0.0,0.0,0.0,0.0,0.0,0.0,1.0,0.0
CombiBench,"The integers from $1$ to $64$ are placed in some order into an $8 \times 8$ grid of cells with one number in each cell. Let $a_{i,j}$ be the number placed in the cell in row $i$ and column $j,$ and let $M$ be the sum of the absolute differences between adjacent cells. That is,
\[
M = \sum^8_{i=1} \sum^7_{j=1} (|a_{i,j+1} - a_{i,j}| + |a_{j+1,i} - a_{j,i}|).
\]
Find the remainder when the maximum possible value of $M$ is divided by $1000.$",896,0.6666666666666666,0.6666666666666665,0.3999999999999999,0.0,0.0,0.0,0.0,1.0,0.0
CombiBench,"For each positive integer $r$ less than $502,$ define
\[
S_r=\sum_{m\ge 0}\dbinom{10000}{502n+r},
\]
where $\binom{10000}{n}$ is defined to be $0$ when $n>10000.$ That is, $S_r$ is the sum of all binomial coefficients of the form $\binom{10000}{k}$ for which $0\le k\le 10000$ and $k-r$ is a multiple of $502.$ Find the number of integers in the list $S_0,S_1,\dots,S_{501}$ that are multiples of the prime number $503.$",39,0.3333333333333333,0.3333333333333332,0.1999999999999999,0.0,0.0,0.0,0.0,1.0,0.0
CombiBench,Find the sum of the $10$th terms of all arithmetic sequences of integers that have first term equal to $4$ and include both $24$ and $34$ as terms.,178,0.1666666666666666,0.0,0.0,0.0,0.0,0.0,0.0,1.0,0.0
CombiBench,"Let $ABCDE$ be a nonconvex pentagon with internal angles $\angle A = \angle E = 90^\circ$ and $\angle B = \angle D = 45^\circ.$ Suppose that $DE < AB, AE = 20, BC = 14\sqrt2,$ and points $B,C,$ and $D$ lie on the same side of line $AE.$ Suppose further that $AB$ is an integer with $AB < 2026$ and the area of pentagon $ABCDE$ is an integer multiple of $16.$ Find the number of possible values of $AB.$",503,0.6666666666666666,0.6666666666666665,0.6000000000000001,0.0,0.0,0.0,0.0,1.0,0.0
CombiBench,"Find the sum of all real numbers $r$ such that there is at least one point where the circle with radius $r$ centered at $(4, 39)$ is tangent to the parabola with equation $2y = x^2 - 8x + 12.$",50,0.6666666666666666,0.6666666666666665,0.6000000000000001,0.0,0.0,0.0,0.0,1.0,0.0
CombiBench,"Call finite sets of integers $S$ and $T$ cousins if
- $S$ and $T$ have the same number of elements,
- $S$ and $T$ are disjoint, and
- the elements of $S$ can be paired with the elements of $T$ so that the elements in each pair differ by exactly $1$.
For example, $\{1,2,5\}$ and $\{0,3,4\}$ are cousins. Suppose that the set $S$ has exactly $4040$ cousins. Find the least number of elements the set $S$ can have.",107,0.6666666666666666,0.6666666666666665,0.6000000000000001,0.0,0.0,0.0,0.0,1.0,0.0
CombiBench,"Find the number of ordered 7-tuples $(a_1, a_2, a_3, \ldots, a_7)$ having the following properties:
- $a_k \in \{1,2,3\}$ for all $k.$
- $a_1+a_2+a_3+a_4+a_5+a_6+a_7$ is a multiple of $3.$
- $a_1a_2 a_4 + a_2a_3a_5 + a_3a_4 a_6 + a_4 a_5 a_7 + a_5 a_6 a_1 + a_6 a_7 a_2 + a_7 a_1 a_3$ is a multiple of $3.$",393,0.6666666666666666,0.6666666666666665,0.6000000000000001,0.0,0.0,0.0,0.0,1.0,0.0
CombiBench,"Given the function $f(x) = x^3 + ax^2 + bx + 1$ where $a > 0$ and $b \in \mathbb{R}$, it is known that $f(x)$ has extreme values, and the critical points of its derivative $f'(x)$ are the roots of $f(x)$. (A critical point refers to the value of the independent variable where the function attains an extremum.) If the sum of all the extreme values of $f(x)$ and $f'(x)$ is not less than $-\frac{7}{2}$, determine the range of values for $a$.","$(3,6]$",0.6666666666666666,0.6666666666666665,0.6000000000000001,0.0,0.0,0.0,0.0,1.0,0.0
CombiBench,"Given that \(a\) and \(b\) are real numbers, and 1 and -1 are the critical points of the function \(f(x) = x^3 + ax^2 + bx\). Let \(h(x) = f(f(x)) - c\), where \(c \in (-2, 2)\). Determine the number of zeros of the function \(y = h(x)\).",9,0.6666666666666666,0.6666666666666665,0.6000000000000001,0.0,0.0,0.0,0.0,1.0,0.0
CombiBench,"Given two sequences \(\{a_n\}\) and \(\{b_n\}\) consisting entirely of positive terms that satisfy: $$a_{n+1} = \frac{a_n + b_n}{\sqrt{a_n^2 + b_n^2}}, \quad n \in \mathbb{N}^*.$$Let \(b_{n+1} = \sqrt{2} \cdot \frac{b_n}{a_n}, \, n \in \mathbb{N}^*\), and assume \(\{a_n\}\) is a geometric sequence. Find the value of \(a_1 + b_1\).",$2\sqrt{2}$,0.6666666666666666,0.6666666666666665,0.6000000000000001,0.0,0.0,0.0,0.0,1.0,0.0
CombiBench,"It is given that $1 < a \leq 2$, and the function $f(x)$ is defined as $f(x) = e^{x} - x - a$, where $e = 2.71828\cdots$ is the base of the natural logarithm. Let $x_0$ be the zero of the function $y = f(x)$ in the interval $(0, +\infty)$. Find the minimum value of $\frac{ x_0 f(e^{x_0}) }{ (a-1)a }$.",$e-1$,0.6666666666666666,0.6666666666666665,0.6000000000000001,0.0,0.0,0.0,0.0,1.0,0.0
AIME,"Let $f(x)$ be a polynomial with real coefficients such that $f(0) = 1,$ $f(2)+f(3)=125,$ and for all $x$ , $f(x)f(2x^{2})=f(2x^{3}+x).$ Find $f(5).$",676,0.4999999999999999,0.6666666666666665,0.3999999999999999,0.0,1.0,0.0,0.0,0.0,0.0
AIME,"There exist real numbers $x$ and $y$, both greater than 1, such that $\log_x\left(y^x\right)=\log_y\left(x^{4y}\right)=10$. Find $xy$.",25,0.4999999999999999,0.6666666666666665,0.3999999999999999,0.0,1.0,0.0,0.0,0.0,0.0
AIME,Find the largest possible real part of \[(75+117i)z+\frac{96+144i}{z}\]where $z$ is a complex number with $|z|=4$.,540,0.4999999999999999,0.6666666666666665,0.3999999999999999,0.0,1.0,0.0,0.0,0.0,0.0
AIME,"For distinct complex numbers $z_1,z_2,\dots,z_{673}$ , the polynomial \[(x-z_1)^3(x-z_2)^3 \cdots (x-z_{673})^3\] can be expressed as $x^{2019} + 20x^{2018} + 19x^{2017}+g(x)$ , where $g(x)$ is a polynomial with complex coefficients and with degree at most $2016$ . The value of \[\left| \sum_{1 \le j <k \le 673} z_jz_k \right|\] can be expressed in the form $\tfrac{m}{n}$ , where $m$ and $n$ are relatively prime positive integers. Find $m+n$ .",352,0.4999999999999999,0.6666666666666665,0.3999999999999999,0.0,1.0,0.0,0.0,0.0,0.0
AIME,Let $f(x)$ be a third-degree polynomial with real coefficients satisfying \[|f(1)|=|f(2)|=|f(3)|=|f(5)|=|f(6)|=|f(7)|=12.\] Find $|f(0)|$ .,72,0.4999999999999999,0.6666666666666665,0.3999999999999999,0.0,1.0,0.0,0.0,0.0,0.0
AIME,"Let $n$ be an integer with $n\geq 2.$ Over all real polynomials $p(x)$ of degree $n,$ what is the largest possible number of negative coefficients of $p(x)^2?$",$2n-2$,0.8333333333333334,1.0,0.6000000000000001,0.0,0.0,0.0,0.0,1.0,0.0
AIME,"Three boxes A, B, C contain certain number of black and white balls. The total number of balls in each box is in the ratio of 5:4:6. The percentage of black balls in each box is respectively 40%, 25%, and 50%. A ball is picked out randomly from each of the three boxes, the probability that all three balls are black is $p_1$. If the balls in the three boxes are merged into one box and a ball is drawn randomly, the probability of drawing a white ball is $p_2$. Find $p_1 + p_2$ (in decimal form).",0.65,0.8333333333333334,1.0,0.6000000000000001,0.0,0.0,0.0,0.0,1.0,0.0
AIME,"A bag \( A \) contains 2 black balls and 1 white ball, while another bag \( B \) contains 3 white balls. In each step, one ball is randomly drawn from each bag and swapped with the other bag. This process is repeated \( n \) times. Let \( X_n \) denote the number of black balls in bag \( A \), and let \( p_n \) be the probability that bag \( A \) contains exactly 2 black balls, while \( q_n \) is the probability that it contains exactly 1 black ball. Derive the expected value \( E(X_n) \) of \( X_n \) in terms of \( n \).",$1 + \frac{1}{3^n}$,0.8333333333333334,1.0,0.6000000000000001,0.0,0.0,0.0,0.0,1.0,0.0
AIME,"A bug starts at a vertex of an equilateral triangle. On each move, it randomly selects one of the two vertices where it is not currently located, and crawls along a side of the triangle to that vertex. Given that the probability that the bug moves to its starting vertex on its tenth move is $m/n,$ where $m$ and $n$ are relatively prime positive integers, find $m + n.$",683,0.8333333333333334,1.0,0.6000000000000001,0.0,0.0,0.0,0.0,1.0,0.0
AIME,"Let the integer \( n \geq 4 \). Cards numbered \( 1, 2, \cdots, n \) are drawn with replacement with equal probability, and each number is recorded. If both \( 1 \) and \( 2 \) appear or both \( 3 \) and \( 4 \) appear, the drawing stops. Find the mathematical expectation of the number of card draws.",$\frac{11n}{12}$,0.8333333333333334,1.0,0.6000000000000001,0.0,0.0,0.0,0.0,1.0,0.0
AIME,"Let $m\ge 5$ be an odd integer, and let $D(m)$ denote the number of quadruples $\big(a_1, a_2, a_3, a_4\big)$ of distinct integers with $1\le a_i \le m$ for all $i$ such that $m$ divides $a_1+a_2+a_3+a_4$. There is a polynomial $$q(x) = c_3x^3+c_2x^2+c_1x+c_0$$such that $D(m) = q(m)$ for all odd integers $m\ge 5$. What is $c_1?$",11,0.8333333333333334,1.0,0.6000000000000001,0.0,0.0,0.0,0.0,1.0,0.0
AIME,"For each real number $a$ with $0 \leq a \leq 1$, let numbers $x$ and $y$ be chosen independently at random from the intervals $[0, a]$ and $[0, 1]$, respectively, and let $P(a)$ be the probability that $$\sin^2{(\pi x)} + \sin^2{(\pi y)} > 1.$$What is the maximum value of $P(a)?$",$2-\sqrt{2}$,0.8333333333333334,1.0,0.6000000000000001,0.0,0.0,0.0,0.0,1.0,0.0
AIME,"The twelve letters $A,B,C,D,E,F,G,H,I,J,K$, and $L$ are randomly grouped into six pairs of letters. The two letters in each pair are placed next to each other in alphabetical order to form six two-letter words, and those six words are listed alphabetically. For example, a possible result is $AB,CJ,DG,EK,FL,HI$. The probability that the last word listed contains $G$ is $\frac{m}{n}$, where $m$ and $n$ are relatively prime positive integers. Find $m+n$.",821,0.8333333333333334,1.0,0.6000000000000001,0.0,0.0,0.0,0.0,1.0,0.0
AIME,"Jen enters a lottery by picking $4$ distinct numbers from $S=\{1,2,3,\cdots,9,10\}.$ $4$ numbers are randomly chosen from $S.$ She wins a prize if at least two of her numbers were $2$ of the randomly chosen numbers, and wins the grand prize if all four of her numbers were the randomly chosen numbers. The probability of her winning the grand prize given that she won a prize is $\tfrac{m}{n}$ where $m$ and $n$ are relatively prime positive integers. Find $m+n$.",116,0.8333333333333334,1.0,0.6000000000000001,0.0,0.0,0.0,0.0,1.0,0.0
AIME,"Each vertex of a regular octagon is independently colored either red or blue with equal probability. The probability that the octagon can then be rotated so that all of the blue vertices end up at positions where there were originally red vertices is $\tfrac{m}{n}$, where $m$ and $n$ are relatively prime positive integers. What is $m+n$?",371,0.8333333333333334,1.0,0.6000000000000001,0.0,0.0,0.0,0.0,1.0,0.0
PolyMath,"Let $n$ be a positive integer. Set $a_{n,0}=1$. For $k\geq 0$, choose an integer $m_{n,k}$ uniformly at random from the set $\{1,\,\ldots,\,n\}$, and let\[a_{n,k+1}=\begin{cases} a_{n,k}+1, & \text{if $m_{n,k}>a_{n,k}$;}\ a_{n,k}, & \text{if $m_{n,k}=a_{n,k}$;}\ a_{n,k}-1, & \text{if $m_{n,k}<a_{n,k}$.}\end{cases}\]Let $E(n)$ be the expected value of $a_{n,n}$. Determine $\lim_{n\to\infty}E(n)/n$.",$\frac{1 - e^{-2}}{2}$,0.1666666666666666,0.0,0.1999999999999999,1.0,0.0,0.0,0.0,0.0,0.0
PolyMath,"From the set of integers $\{1,2,3,\dots,2009\}$ , choose $k$ pairs $\{a_i,b_i\}$ with $a_i<b_i$ so that no two pairs have a common element. Suppose that all the sums $a_i+b_i$ are distinct and less than or equal to $2009$ . Find the maximum possible value of $k$ .",803,0.1666666666666666,0.0,0.1999999999999999,1.0,0.0,0.0,0.0,0.0,0.0
PolyMath,"Given a real number $x,$ let $\lfloor x \rfloor$ denote the greatest integer less than or equal to $x.$ For a certain integer $k,$ there are exactly $70$ positive integers $n_{1}, n_{2}, \ldots, n_{70}$ such that $k=\lfloor\sqrt[3]{n_{1}}\rfloor = \lfloor\sqrt[3]{n_{2}}\rfloor = \cdots = \lfloor\sqrt[3]{n_{70}}\rfloor$ and $k$ divides $n_{i}$ for all $i$ such that $1 \leq i \leq 70.$ Find the maximum value of $\frac{n_{i}}{k}$ for $1\leq i \leq 70.$",553,0.1666666666666666,0.0,0.1999999999999999,1.0,0.0,0.0,0.0,0.0,0.0
AIME2026,How many three-digit natural numbers are there such that adding the number to each of its digits separately always produces a perfect square?,1,0.4999999999999999,0.3333333333333332,0.1999999999999999,0.0,1.0,0.0,0.0,0.0,0.0
AIME2026,"In a region with 6 cities, we wish to construct a road between every pair of cities. The roads are not necessarily straight lines, and no three roads intersect at the same point. Every intersection of two roads creates a crossroads. What is the minimum number of crossroads required?",3,0.4999999999999999,0.3333333333333332,0.3999999999999999,1.0,0.0,0.0,0.0,0.0,0.0
AIME2026,"How many bijective functions f: Z→Z satisfy both conditions: f(f(x))+x=2f(x) for all integers x, and f(1404)=2026?",5,0.6666666666666666,0.6666666666666665,0.6000000000000001,0.0,0.0,1.0,0.0,0.0,0.0
AIME2026,"How many ordered pairs (p, q) of positive prime numbers are there such that t...",1,0.6666666666666666,0.6666666666666665,0.6000000000000001,0.0,1.0,0.0,0.0,0.0,0.0
AIME2026,"Find the number of functions f:{1,2,...,6}→{1,2,...,6} such that f(f(f(x)))=x for every x. The answer is an odd integer.",81,0.6666666666666666,0.6666666666666665,0.6000000000000001,0.0,0.0,1.0,0.0,0.0,0.0
CombiBench,"For each positive integer $n$, let $f(n)$ be the sum of the digits in the base-four representation of $n$ and let $g(n)$ be the sum of the digits in the base-eight representation of $f(n)$. For example, $f(2020) = f(133210_{\text{4}}) = 10 = 12_{\text{8}}$, and $g(2020) = \text{the digit sum of }12_{\text{8}} = 3$. Let $N$ be the least value of $n$ such that the base-sixteen representation of $g(n)$ cannot be expressed using only the digits $0$ through $9$. Find the remainder when $N$ is divided by $1000$.",151,0.1666666666666666,0.0,0.0,0.0,1.0,0.0,0.0,0.0,0.0
CombiBench,"Find the number of positive integer palindromes written in base $10$ with no zero digits, and whose digits add up to $13$. For example, $42124$ has these properties. Recall that a palindrome is a number whose representation reads the same from left to right as from right to left.",62,0.3333333333333333,0.0,0.1999999999999999,0.0,1.0,0.0,0.0,0.0,0.0
CombiBench,"A plane contains points $A$ and $B$ with $AB = 1$. Point $A$ is rotated in the plane counterclockwise through an acute angle $\theta$ around point $B$ to point $A^\prime$. Then $B$ is rotated in the plane clockwise through angle $\theta$ around point $A^\prime$ to point $B^\prime$. Suppose that $AB^\prime = \frac{4}{3}$. The value of $\cos \theta$ can be written as $\frac{m}{n}$ , where $m$ and $n$ are relatively prime positive integers. Find $m + n$.",65,0.4999999999999999,0.3333333333333332,0.1999999999999999,0.0,1.0,0.0,0.0,0.0,0.0
CombiBench,A real number $x$ satisfies $\sqrt[20]{x^{\log_{2026}x}}=26x$. What is the number of positive divisors of the product of all possible positive values of $x$?,441,0.6666666666666666,0.3333333333333332,0.3999999999999999,0.0,1.0,0.0,0.0,0.0,0.0
CombiBench,"Find the number of functions $\pi$ mapping the set $A =\{1,2,3,4,5,6\}$ onto $A$ such that for every $a \in A,$
\[
\pi(\pi(\pi(\pi(\pi(\pi(a)))))) = a.
\]",396,0.8333333333333334,0.6666666666666665,0.8,0.0,1.0,0.0,0.0,0.0,0.0
HendrycksMATH,"Let $P_{1}: y=x^{2}+\frac{101}{100}$ and $P_{2}: x=y^{2}+\frac{45}{4}$ be two parabolas in the Cartesian plane. Let $\mathcal{L}$ be the common tangent line of $P_{1}$ and $P_{2}$ that has a rational slope. If $\mathcal{L}$ is written in the form $ax+by=c$ for positive integers $a,b,c$ where $\gcd(a,b,c)=1$, find $a+b+c$.",11,0.6666666666666666,0.6666666666666665,1.0,1.0,0.0,0.0,0.0,0.0,0.0
HendrycksMATH,"$ABCD$, a rectangle with $AB = 12$ and $BC = 16$, is the base of pyramid $P$, which has a height of $24$. A plane parallel to $ABCD$ is passed through $P$, dividing $P$ into a frustum $F$ and a smaller pyramid $P'$. Let $X$ denote the center of the circumsphere of $F$, and let $T$ denote the apex of $P$. If the volume of $P$ is eight times that of $P'$, then the value of $XT$ can be expressed as $\frac{m}{n}$, where $m$ and $n$ are relatively prime positive integers. Compute the value of $m + n$.",177,0.6666666666666666,0.6666666666666665,1.0,1.0,0.0,0.0,0.0,0.0,0.0
HendrycksMATH,"Tetrahedron $ABCD$ has $AD=BC=28$, $AC=BD=44$, and $AB=CD=52$. For any point $X$ in space, suppose $f(X)=AX+BX+CX+DX$. The least possible value of $f(X)$ can be expressed as $m\sqrt{n}$, where $m$ and $n$ are positive integers, and $n$ is not divisible by the square of any prime. Find $m+n$.",682,0.6666666666666666,0.6666666666666665,1.0,1.0,0.0,0.0,0.0,0.0,0.0
HendrycksMATH,A scalene triangle has side lengths which are prime numbers and the  length of its perimeter is also prime. What is its smallest possible  perimeter?,23,0.6666666666666666,0.6666666666666665,1.0,1.0,0.0,0.0,0.0,0.0,0.0
HendrycksMATH,"Suppose that we are given 40 points equally spaced around the perimeter of a square, so that four of them are located at the vertices and the remaining points divide each side into ten congruent segments.  If $P$, $Q$, and $R$ are chosen to be any three of these points which are not collinear, then how many different possible positions are there for the centroid of $\triangle PQR$?",841,0.6666666666666666,0.6666666666666665,1.0,1.0,0.0,0.0,0.0,0.0,0.0
HendrycksMATH,"Let $R$ be a unit square region and $n \geq 4$ an integer. A point $X$ in the interior of $R$ is called n-ray partitional if there are $n$ rays emanating from $X$ that divide $R$ into $n$ triangles of equal area. How many points are $100$-ray partitional but not $60$-ray partitional?
$\textbf{(A)}\ 1500 \qquad \textbf{(B)}\ 1560 \qquad \textbf{(C)}\ 2320 \qquad \textbf{(D)}\ 2480 \qquad \textbf{(E)}\ 2500$",2320,0.6666666666666666,0.6666666666666665,1.0,1.0,0.0,0.0,0.0,0.0,0.0
HendrycksMATH,"Matt's four cousins are coming to visit. There are four identical rooms that they can stay in. If any number of the cousins can stay in one room, how many different ways are there to put the cousins in the rooms?",15,0.6666666666666666,0.6666666666666665,1.0,1.0,0.0,0.0,0.0,0.0,0.0
HendrycksMATH,"A set of $n$ people participate in an online video basketball tournament. Each person may be a member of any number of $5$-player teams, but no two teams may have exactly the same $5$ members. The site statistics show a curious fact: The average, over all subsets of size $9$ of the set of $n$ participants, of the number of complete teams whose members are among those $9$ people is equal to the reciprocal of the average, over all subsets of size $8$ of the set of $n$ participants, of the number of complete teams whose members are among those $8$ people. How many values $n$, $9\leq n\leq 2017$, can be the number of participants?
$\textbf{(A) } 477 \qquad \textbf{(B) } 482 \qquad \textbf{(C) } 487 \qquad \textbf{(D) } 557 \qquad \textbf{(E) } 562$",557,0.6666666666666666,0.6666666666666665,1.0,1.0,0.0,0.0,0.0,0.0,0.0
HendrycksMATH,"Henry's little brother has $8$ identical stickers and $4$ sheets of paper, each a different color. He puts all the stickers on the pieces of paper. How many ways are there for him to do this, if only the number of stickers on each sheet of paper matters?",165,0.6666666666666666,0.6666666666666665,1.0,1.0,0.0,0.0,0.0,0.0,0.0
HendrycksMATH,How many ways are there to put 5 balls in 3 boxes if the balls are distinguishable but the boxes are not?,41,0.6666666666666666,0.6666666666666665,1.0,1.0,0.0,0.0,0.0,0.0,0.0
HendrycksMATH,"A particle moves in the Cartesian plane according to the following rules:
From any lattice point $(a,b),$ the particle may only move to $(a+1,b), (a,b+1),$ or $(a+1,b+1).$
There are no right angle turns in the particle's path.
How many different paths can the particle take from $(0,0)$ to $(5,5)$?",83,0.6666666666666666,0.6666666666666665,0.8,1.0,0.0,0.0,0.0,0.0,0.0
HendrycksMATH,Two cards are chosen at random from a standard 52-card deck.  What is the probability that both cards are numbers (2 through 10) totaling to 12?,\frac{35}{663},0.6666666666666666,0.6666666666666665,1.0,1.0,0.0,0.0,0.0,0.0,0.0
HendrycksMATH,"We have a standard deck of 52 cards, with 4 cards in each of 13 ranks.  We call a 5-card poker hand a full house if the hand has 3 cards of one rank and 2 cards of another rank (such as 33355 or AAAKK).  What is the probability that five cards chosen at random form a full house?",\frac{6}{4165},0.6666666666666666,0.6666666666666665,1.0,1.0,0.0,0.0,0.0,0.0,0.0
HendrycksMATH,"The numbers $1, 2, 3, 4, 5, 6, 7,$ and $8$ are randomly written on the faces of a regular octahedron so that each face contains a different number. The probability that no two consecutive numbers, where $8$ and $1$ are considered to be consecutive, are written on faces that share an edge is $m/n,$ where $m$ and $n$ are relatively prime positive integers. Find $m + n.$",85,0.6666666666666666,0.6666666666666665,1.0,1.0,0.0,0.0,0.0,0.0,0.0
HendrycksMATH,"Three cards are dealt at random from a standard deck of 52 cards.  What is the probability that the first card is a 4, the second card is a $\clubsuit$, and the third card is a 2?",\frac{1}{663},0.6666666666666666,0.6666666666666665,0.6000000000000001,1.0,0.0,0.0,0.0,0.0,0.0
Olympiad1402,"How many four-digit natural numbers of the form abba are there that have exactly four positive divisors and whose sum of digits is equal to 20?

The numerical answer is even.",2,0.4999999999999999,0.3333333333333332,0.3999999999999999,0.0,0.0,1.0,0.0,0.0,0.0
Olympiad1402,"We want to color the inner and outer faces of a regular pyramid with a triangular base using eight colors, so that each color is used exactly once. In how many ways can this be done? (Two colorings that can be transformed into each other by a rotation are considered the same.)

The sum of the digits of the answer is 12.",3360,0.6666666666666666,0.6666666666666665,0.6000000000000001,0.0,1.0,0.0,0.0,0.0,0.0
Olympiad1402,"The people of Shakarestan are very confused, but they are highly skilled in number theory. Each person in Shakarestan has a ten-digit national ID number. When filling out forms, they may make two kinds of mistakes when entering their national ID:

1) They may swap two consecutive digits; for example, entering 1234 instead of 1243.
2) They may increase or decrease one digit by 1; for example, entering 122 instead of 123.

Each time a citizen fills out a form, they make at most one of these mistakes, and only in one digit/location. The government wants to record the remainder of every national ID modulo a fixed natural number N, so that if a citizen makes such an error, they can immediately detect the mistake by looking at the written number. Find the smallest N that is sufficient for this purpose.",11,0.8333333333333334,0.6666666666666665,0.8,0.0,0.0,1.0,0.0,0.0,0.0
Olympiad1402,"Ali and Reza play a game. Ali thinks of a number less than 1000, and Reza wants to guess it. To do this, Reza may ask some questions: in each question, Reza gives Ali a number between 10 and 20, and Ali tells Reza the least common multiple of that number and the number in his mind. Suppose Reza is infinitely intelligent. How many questions does he need in order to determine Ali's number with certainty?",2,0.6666666666666666,0.6666666666666665,0.6000000000000001,0.0,0.0,1.0,0.0,0.0,0.0
Olympiad1402,"Amirhossein, Babak, Dariush, and Parsa together have 20 identical coins. They want to divide these 20 coins among themselves so that no person's number of coins is more than twice another person's number of coins. In how many ways can they do this?

The numerical answer is prime.",47,0.4999999999999999,0.3333333333333332,0.3999999999999999,0.0,1.0,0.0,0.0,0.0,0.0
OmniMath,"Let $ a_1 \equal{} 11^{11}, \, a_2 \equal{} 12^{12}, \, a_3 \equal{} 13^{13}$, and $ a_n \equal{} |a_{n \minus{} 1} \minus{} a_{n \minus{} 2}| \plus{} |a_{n \minus{} 2} \minus{} a_{n \minus{} 3}|, n \geq 4.$ Determine $ a_{14^{14}}$.",1,0.0,0.0,0.0,1.0,0.0,0.0,0.0,0.0,0.0
OmniMath,"The mathematician John is having trouble remembering his girlfriend Alicia's 7-digit phone number. He remembers that the first four digits consist of one 1, one 2, and two 3s. He also remembers that the fifth digit is either a 4 or 5. While he has no memory of the sixth digit, he remembers that the seventh digit is 9 minus the sixth digit. If this is all the information he has, how many phone numbers does he have to try if he is to make sure he dials the correct number?",240,0.1666666666666666,0.0,0.1999999999999999,1.0,0.0,0.0,0.0,0.0,0.0
OmniMath,"Compute the number of dates in the year 2023 such that when put in MM/DD/YY form, the three numbers are in strictly increasing order. For example, $06 / 18 / 23$ is such a date since $6<18<23$, while today, $11 / 11 / 23$, is not.",186,0.1666666666666666,0.0,0.1999999999999999,1.0,0.0,0.0,0.0,0.0,0.0
OmniMath,How many ways are there to place 31 knights in the cells of an $8 \times 8$ unit grid so that no two attack one another?,68,0.3333333333333333,0.3333333333333332,0.3999999999999999,1.0,0.0,0.0,0.0,0.0,0.0
OmniMath,"Trodgor the dragon is burning down a village consisting of 90 cottages. At time $t=0$ an angry peasant arises from each cottage, and every 8 minutes (480 seconds) thereafter another angry peasant spontaneously generates from each non-burned cottage. It takes Trodgor 5 seconds to either burn a peasant or to burn a cottage, but Trodgor cannot begin burning cottages until all the peasants around him have been burned. How many seconds does it take Trodgor to burn down the entire village?",1920,0.6666666666666666,0.6666666666666665,0.6000000000000001,1.0,0.0,0.0,0.0,0.0,0.0
OmniMath,"Mrs. Toad has a class of 2017 students, with unhappiness levels $1,2, \ldots, 2017$ respectively. Today in class, there is a group project and Mrs. Toad wants to split the class in exactly 15 groups. The unhappiness level of a group is the average unhappiness of its members, and the unhappiness of the class is the sum of the unhappiness of all 15 groups. What's the minimum unhappiness of the class Mrs. Toad can achieve by splitting the class into 15 groups?",1121,0.0,0.0,0.0,0.0,0.0,0.0,1.0,0.0,0.0
OmniMath,"Carl and Bob can demolish a building in 6 days, Anne and Bob can do it in 3, Anne and Carl in 5. How many days does it take all of them working together if Carl gets injured at the end of the first day and can't come back? Express your answer as a fraction in lowest terms.",\frac{59}{20},0.1666666666666666,0.0,0.1999999999999999,0.0,0.0,0.0,1.0,0.0,0.0
OmniMath,"Kristoff is planning to transport a number of indivisible ice blocks with positive integer weights from the north mountain to Arendelle. He knows that when he reaches Arendelle, Princess Anna and Queen Elsa will name an ordered pair $(p, q)$ of nonnegative integers satisfying $p+q \leq 2016$. Kristoff must then give Princess Anna exactly $p$ kilograms of ice. Afterward, he must give Queen Elsa exactly $q$ kilograms of ice. What is the minimum number of blocks of ice Kristoff must carry to guarantee that he can always meet Anna and Elsa's demands, regardless of which $p$ and $q$ are chosen?",18,0.3333333333333333,0.3333333333333332,0.3999999999999999,0.0,0.0,0.0,1.0,0.0,0.0
OmniMath,"We have 10 points on a line A_{1}, A_{2} \cdots A_{10} in that order. Initially there are n chips on point A_{1}. Now we are allowed to perform two types of moves. Take two chips on A_{i}, remove them and place one chip on A_{i+1}, or take two chips on A_{i+1}, remove them, and place a chip on A_{i+2} and A_{i}. Find the minimum possible value of n such that it is possible to get a chip on A_{10} through a sequence of moves.",46,0.3333333333333333,0.3333333333333332,0.3999999999999999,0.0,0.0,0.0,1.0,0.0,0.0
OmniMath,"Three players $A,B$ and $C$ play a game with three cards and on each of these $3$ cards it is written a positive integer, all $3$ numbers are different. A game consists of shuffling the cards, giving each player a card and each player is attributed a number of points equal to the number written on the card and then they give the cards back. After a number $(\geq 2)$ of games we find out that A has $20$ points, $B$ has $10$ points and $C$ has $9$ points. We also know that in the last game B had the card with the biggest number. Who had in the first game the card with the second value (this means the middle card concerning its value).",C,0.6666666666666666,0.6666666666666665,0.6000000000000001,0.0,0.0,0.0,1.0,0.0,0.0
PolyMath,For how many positive integers $n$ less than or equal to 1000 is $(\sin t + i \cos t)^n = \sin nt + i \cos nt$ true for all real $t$ ?,250,0.1666666666666666,0.0,0.1999999999999999,1.0,0.0,0.0,0.0,0.0,0.0
PolyMath,"The decimal representation of $m/n,$ where $m$ and $n$ are relatively prime positive integers and $m < n,$ contains the digits 2, 5, and 1 consecutively, and in that order. Find the smallest value of $n$ for which this is possible.",127,0.1666666666666666,0.0,0.1999999999999999,1.0,0.0,0.0,0.0,0.0,0.0
PolyMath,"Given that the positive integers \(m\) and \(n\) are both prime numbers, and that \(7m + n\) and \(mn + 11\) are also prime numbers, find the value of \(m^n + n^m\).",17,0.4999999999999999,0.6666666666666665,0.3999999999999999,1.0,0.0,0.0,0.0,0.0,0.0
PolyMath,"Find the number of functions $f(x)$ from $\{1, 2, 3, 4, 5\}$ to $\{1, 2, 3, 4, 5\}$ that satisfy $f(f(x)) = f(f(f(x)))$ for all $x$ in $\{1, 2, 3, 4, 5\}$ .",756,0.4999999999999999,0.6666666666666665,0.3999999999999999,1.0,0.0,0.0,0.0,0.0,0.0
PolyMath,"Find the minimum value of $c$ such that for any positive integer $n\ge 4$ and any set $A\subseteq \{1,2,\cdots,n\}$, if $|A| >cn$, there exists a function $f:A\to\{1,-1\}$ satisfying $$\left| \sum_{a\in A}a\cdot f(a)\right| \le 1.$$",$\frac{2}{3}$,0.4999999999999999,0.6666666666666665,0.3999999999999999,1.0,0.0,0.0,0.0,0.0,0.0
PolyMath,"Let $S=\{1,2,3,\cdots,100\}$. Find the maximum value of integer $k$, such that there exist $k$ different nonempty subsets of $S$ satisfying the condition: for any two of the $k$ subsets, if their intersection is nonemply, then the minimal element of their intersection is not equal to the maximal element of either of the two subsets.",$2^{99} - 1$,0.4999999999999999,0.6666666666666665,0.3999999999999999,1.0,0.0,0.0,0.0,0.0,0.0
PolyMath,"A number is called Norwegian if it has three distinct positive divisors whose sum is equal to $2022$. Determine the smallest Norwegian number.
(Note: The total number of positive divisors of a Norwegian number is allowed to be larger than $3$.)",1344,1.0,1.0,0.8,1.0,0.0,0.0,0.0,0.0,0.0
PolyMath,"For a prime $p$, let $\mathbb{F}_p$ denote the integers modulo $p$, and let $\mathbb{F}_p[x]$ be the set of polynomials with coefficients in $\mathbb{F}_p$. Find all $p$ for which there exists a quartic polynomial $P(x) \in \mathbb{F}_p[x]$ such that for all integers $k$, there exists some integer $\ell$ such that $P(\ell) \equiv k \pmod p$. (Note that there are $p^4(p-1)$ quartic polynomials in $\mathbb{F}_p[x]$ in total.)","${2,3,7}$",0.1666666666666666,0.0,0.1999999999999999,0.0,1.0,0.0,0.0,0.0,0.0
PolyMath,"Four lighthouses are located at points $A$ , $B$ , $C$ , and $D$ . The lighthouse at $A$ is $5$ kilometers from the lighthouse at $B$ , the lighthouse at $B$ is $12$ kilometers from the lighthouse at $C$ , and the lighthouse at $A$ is $13$ kilometers from the lighthouse at $C$ . To an observer at $A$ , the angle determined by the lights at $B$ and $D$ and the angle determined by the lights at $C$ and $D$ are equal. To an observer at $C$ , the angle determined by the lights at $A$ and $B$ and the angle determined by the lights at $D$ and $B$ are equal. The number of kilometers from $A$ to $D$ is given by $\frac{p\sqrt{r}}{q}$ , where $p$ , $q$ , and $r$ are relatively prime positive integers, and $r$ is not divisible by the square of any prime. Find $p+q+r$ .",96,0.1666666666666666,0.0,0.1999999999999999,0.0,1.0,0.0,0.0,0.0,0.0
PolyMath,"Every morning Aya goes for a $9$-kilometer-long walk and stops at a coffee shop afterwards. When she walks at a constant speed of $s$ kilometers per hour, the walk takes her 4 hours, including $t$ minutes spent in the coffee shop. When she walks $s+2$ kilometers per hour, the walk takes her 2 hours and 24 minutes, including $t$ minutes spent in the coffee shop. Suppose Aya walks at $s+\frac{1}{2}$ kilometers per hour. Find the number of minutes the walk takes her, including the $t$ minutes spent in the coffee shop.",204,0.1666666666666666,0.0,0.1999999999999999,0.0,1.0,0.0,0.0,0.0,0.0
PolyMath,"Alice and Bob play the following game. A stack of $n$ tokens lies before them. The players take turns with Alice going first. On each turn, the player removes either $1$ token or $4$ tokens from the stack. Whoever removes the last token wins. Find the number of positive integers $n$ less than or equal to $2024$ for which there exists a strategy for Bob that guarantees that Bob will win the game regardless of Alice's play.",809,0.1666666666666666,0.0,0.1999999999999999,0.0,1.0,0.0,0.0,0.0,0.0
PolyMath,"Freddy the frog is jumping around the coordinate plane searching for a river, which lies on the horizontal line $y = 24$ . A fence is located at the horizontal line $y = 0$ . On each jump Freddy randomly chooses a direction parallel to one of the coordinate axes and moves one unit in that direction. When he is at a point where $y=0$ , with equal likelihoods he chooses one of three directions where he either jumps parallel to the fence or jumps away from the fence, but he never chooses the direction that would have him cross over the fence to where $y < 0$ . Freddy starts his search at the point $(0, 21)$ and will stop once he reaches a point on the river. Find the expected number of jumps it will take Freddy to reach the river.",273,0.1666666666666666,0.0,0.1999999999999999,0.0,1.0,0.0,0.0,0.0,0.0
